Dataset,T,CV,ML algorithm,Acc,b_Acc,Precision, Recall , F1-score, kappa ,tra-Time,test-Time,Al-Time
Aalto_test_1,0,1,NB,0.624423038330323,0.627671673108714,0.591333001186649,0.627671673108714,0.562721679011564,0.592333663934115,2.010225057601929,0.329434156417847,0
Aalto_test_1,1,2,NB,0.624423038330323,0.627671673108714,0.591333001186649,0.627671673108714,0.562721679011564,0.592333663934115,1.357704401016235,0.33280873298645,0
Aalto_test_1,2,3,NB,0.624423038330323,0.627671673108714,0.591333001186649,0.627671673108714,0.562721679011564,0.592333663934115,1.43446946144104,0.343042373657227,0
Aalto_test_1,0,1,DT,0.732741320489665,0.737335512269656,0.776482726393514,0.737335512269656,0.748926039757278,0.708357072509155,2.384936809539795,0.063124656677246,0
Aalto_test_1,1,2,DT,0.732691149909693,0.736542207767459,0.779757671870422,0.736542207767459,0.749704996615997,0.708298996148271,2.449078798294068,0.064433336257935,0
Aalto_test_1,2,3,DT,0.730885009030704,0.736475415177174,0.773728108578923,0.736475415177174,0.747270269388386,0.706345528943824,2.382140398025512,0.059988260269165,0
Aalto_test_1,0,1,RF,0.731537226570339,0.731977823814514,0.78051858650972,0.731977823814514,0.74630122876349,0.707033927706855,69.54520797729492,1.971555471420288,0
Aalto_test_1,1,2,RF,0.729831426851294,0.728584342389723,0.780871139351642,0.728584342389723,0.745146579842179,0.705179977853001,68.6408154964447,1.993625402450562,0
Aalto_test_1,2,3,RF,0.731386714830423,0.730795096019156,0.775509669011962,0.730795096019156,0.745092586103107,0.706869455332475,70.0179808139801,2.023134708404541,0
