Dataset,T,CV,ML algorithm,Acc,b_Acc,Precision, Recall , F1-score, kappa ,tra-Time,test-Time,Al-Time
Aalto_test_1,0,1,SVM,0.634256472004816,0.564906763016404,0.691194098622688,0.564906763016404,0.572767881227597,0.600291327048778,118.1998028755188,111.31945776939392,0
